method,task_id,episode,run_seed,success,length,ctrl_node,ctrl_subgoal_age,ctrl_num_switches,ctrl_num_fallbacks
graph,1,0,0,0.0,1000,-1,99,7,0
graph,1,1,0,1.0,372,-1,11,7,0
graph,1,2,0,0.0,1000,-1,39,9,0
graph,1,3,0,0.0,1000,-1,79,12,0
graph,1,4,0,0.0,1000,-1,19,16,0
graph,1,5,0,1.0,541,-1,0,8,0
graph,1,6,0,1.0,419,-1,18,5,0
graph,1,7,0,1.0,352,-1,11,7,0
graph,1,8,0,0.0,1000,-1,119,13,0
graph,1,9,0,0.0,1000,239,39,9,0
graph,1,10,0,1.0,726,-1,5,9,0
graph,1,11,0,0.0,1000,157,19,16,0
graph,1,12,0,1.0,406,-1,5,7,0
graph,1,13,0,1.0,489,-1,8,10,0
graph,1,14,0,1.0,648,-1,7,11,0
graph,1,15,0,1.0,731,-1,10,11,0
graph,1,16,0,0.0,1000,-1,99,13,0
graph,1,17,0,1.0,271,-1,10,4,0
graph,1,18,0,1.0,701,-1,0,11,0
graph,1,19,0,0.0,1000,167,79,6,0
graph,2,0,0,1.0,320,-1,59,3,0
graph,2,1,0,0.0,1000,16,59,12,0
graph,2,2,0,0.0,1000,284,59,6,0
graph,2,3,0,1.0,345,-1,64,6,0
graph,2,4,0,0.0,1000,-1,39,18,0
graph,2,5,0,0.0,1000,24,119,15,0
graph,2,6,0,1.0,969,-1,68,11,0
graph,2,7,0,1.0,259,-1,38,6,0
graph,2,8,0,1.0,626,-1,25,7,0
graph,2,9,0,1.0,559,-1,38,8,0
graph,2,10,0,0.0,1000,-1,39,15,0
graph,2,11,0,1.0,362,-1,21,5,0
graph,2,12,0,0.0,1000,181,39,11,0
graph,2,13,0,1.0,243,181,62,3,0
graph,2,14,0,1.0,616,181,15,5,0
graph,2,15,0,0.0,1000,145,19,4,0
graph,2,16,0,1.0,208,-1,47,4,0
graph,2,17,0,0.0,1000,16,79,18,0
graph,2,18,0,0.0,1000,214,79,2,0
graph,2,19,0,1.0,747,181,66,10,0
graph,3,0,0,1.0,436,-1,15,4,0
graph,3,1,0,1.0,503,-1,2,4,0
graph,3,2,0,1.0,175,-1,14,1,0
graph,3,3,0,0.0,1000,-1,19,2,0
graph,3,4,0,0.0,1000,78,59,2,0
graph,3,5,0,1.0,439,-1,18,6,0
graph,3,6,0,1.0,327,-1,6,3,0
graph,3,7,0,1.0,448,-1,7,2,0
graph,3,8,0,1.0,327,-1,6,5,0
graph,3,9,0,0.0,1000,133,39,10,0
graph,3,10,0,1.0,147,-1,6,2,0
graph,3,11,0,0.0,1000,78,59,3,0
graph,3,12,0,0.0,1000,78,39,6,0
graph,3,13,0,1.0,387,-1,6,3,0
graph,3,14,0,1.0,368,-1,7,1,0
graph,3,15,0,1.0,410,-1,9,5,0
graph,3,16,0,0.0,1000,244,79,7,0
graph,3,17,0,1.0,409,-1,8,4,0
graph,3,18,0,1.0,262,-1,1,2,0
graph,3,19,0,1.0,442,-1,1,4,0
graph,4,0,0,1.0,536,-1,15,7,0
graph,4,1,0,0.0,1000,213,119,4,0
graph,4,2,0,0.0,1000,-1,59,19,0
graph,4,3,0,1.0,848,-1,7,10,0
graph,4,4,0,0.0,1000,113,59,9,0
graph,4,5,0,1.0,602,-1,1,9,0
graph,4,6,0,0.0,1000,231,39,8,0
graph,4,7,0,1.0,263,-1,2,4,0
graph,4,8,0,1.0,370,-1,9,4,0
graph,4,9,0,1.0,856,-1,15,9,0
graph,4,10,0,1.0,724,-1,3,7,0
graph,4,11,0,0.0,1000,125,59,6,0
graph,4,12,0,1.0,695,-1,14,9,0
graph,4,13,0,1.0,298,-1,17,4,0
graph,4,14,0,1.0,307,-1,6,5,0
graph,4,15,0,1.0,397,-1,16,5,0
graph,4,16,0,1.0,945,-1,4,16,0
graph,4,17,0,1.0,750,-1,9,12,0
graph,4,18,0,1.0,667,-1,6,9,0
graph,4,19,0,0.0,1000,162,39,10,0
graph,5,0,0,0.0,1000,245,39,17,0
graph,5,1,0,1.0,626,-1,5,13,0
graph,5,2,0,1.0,346,-1,5,5,0
graph,5,3,0,1.0,552,-1,11,11,0
graph,5,4,0,1.0,611,-1,10,10,0
graph,5,5,0,1.0,540,-1,19,5,0
graph,5,6,0,1.0,548,-1,7,9,0
graph,5,7,0,1.0,665,-1,4,10,0
graph,5,8,0,1.0,207,-1,6,4,0
graph,5,9,0,1.0,815,-1,14,15,0
graph,5,10,0,0.0,1000,66,19,16,0
graph,5,11,0,0.0,1000,17,39,16,0
graph,5,12,0,1.0,228,-1,7,3,0
graph,5,13,0,1.0,225,-1,4,4,0
graph,5,14,0,1.0,189,-1,8,4,0
graph,5,15,0,1.0,261,-1,0,4,0
graph,5,16,0,1.0,381,-1,0,3,0
graph,5,17,0,1.0,267,-1,6,3,0
graph,5,18,0,1.0,540,-1,19,7,0
graph,5,19,0,1.0,518,-1,17,9,0
